Case Study,Organisation,URL,Category,Country,Date,Tags,Alternative URL
A new AI compass to refine the editorial agenda,La Silla Rota,https://latamjournalismreview.org/articles/a-new-ai-compass-to-refine-the-editorial-agenda/,"AI Strategy ,News production ,Audience Engagement,Analytics",Mexico,"April 16, 2026","News coverage,Trending Topics,Content strategy,Analytics",
How dmg media is building an AI ‘foundational layer’ for the newsroom,dmg media,https://wan-ifra.org/2026/04/how-dmg-media-is-building-an-ai-foundational-layer-for-the-newsroom/,"Workflow,News production ,News distribution,Generative AI",United Kingdom,"April 8, 2026","Agents,AI Hubs,Assisted journalism",
Bridging the China coverage gap: AI-powered news monitoring,CBC,https://www.journalismai.info/blog/bridging-the-china-coverage-gap-ai-powered-news-monitoring,Newsgathering,Taiwan,"March 9, 2026","News coverage,Automation",
How The Hindu is embedding AI into its data journalism,The Hindu,https://wan-ifra.org/2026/03/how-the-hindu-is-embedding-ai-into-its-data-journalism/,"Newsgathering,Audience Engagement,Generative AI",India,"March 5, 2026","Data journalism,Elections,Data Visualization,Investigations",
"From fine-tuning to smart prompting: Automating routine news at ANKA
",ANKA,https://www.journalismai.info/blog/from-fine-tuning-to-smart-prompting-automating-routine-news-at-anka,Newsgathering,Turkiye,"March 3, 2026","ChatGPT,Content production,Newsroom organization,Productivity",
Cutting through healthcare data complexity: An AI-powered research tool,Pointer,https://www.journalismai.info/blog/cutting-through-healthcare-data-complexity,News production ,The Netherlands,"February 24, 2026","RAG,Document analysis,GenAI",
These Brazilian newsrooms are using AI to expose online hate and track federal policy,"Gênero e Número, AzMina",https://latamjournalismreview.org/articles/these-brazilian-newsrooms-are-using-ai-to-expose-online-hate-and-track-federal-policy/,"Newsgathering,Investigations,Generative AI",Brazil,"February 23, 2026","Investigations,Diversity,LGBTQ+",
AI in Latin American newsrooms: Moving from exploration to editorial practice,"Diario UNO, La Silla Rota, Primicias",https://wan-ifra.org/2026/02/artificial-intelligence-in-latin-american-newsrooms-moving-from-exploration-to-editorial-practice/,"AI Strategy ,News production ","Argentina, Mexico, Ecuador","February 19, 2026","Editorial,GenAI,Smart assistant",
No programmers? No problem: These newsrooms are building their own AI,"ADN Sur, Búsqueda, OPI Santa Cruz",https://latamjournalismreview.org/articles/no-programmers-no-problem-these-newsrooms-are-building-their-own-ai/,"Generative AI,Research & Innovation ,Newsgathering,News production ","Argentina, Uruguay","February 11, 2026","Vibecoding,GenAI,Google Tools,Gemini,Data journalism,Archives,Assisted journalism",
How The New York Times uses a custom AI tool to track the “manosphere”,New York Times,https://www.niemanlab.org/2026/02/how-the-new-york-times-uses-a-custom-ai-tool-to-track-the-manosphere/,Newsgathering,United States,"February 11, 2026","Assisted journalism,Audio,Automation",
Inside the automation behind El Comercio’s election guides for Peru,El Comercio,https://latamjournalismreview.org/articles/inside-the-automation-behind-el-comercios-election-guides-for-peru/,"News production ,Newsgathering",Peru,"February 6, 2026","Agents,Automation,Data journalism",
How Dennik N tool continues to power publisher revenue,Denník N,https://newsinitiative.withgoogle.com/en-gb/resources/stories/how-dennik-n-tool-continues-to-power-publisher-revenue/,Revenue,Slovakia,"January 19, 2026","Audiences,Automation,Personalised content",
Inside Público’s GenAI-Powered Voting Game,Público,https://generative-ai-newsroom.com/inside-p%C3%BAblicos-genai-powered-voting-game-c3e937c8a978,Audience Engagement,Portugal,"January 12, 2026","GenAI,Audiences,Elections",https://www.publico.pt/2025/05/09/politica/noticia/metodologia-detras-dating-eleitoral-2025-2132493
Il Messaggero accelerated subscription growth by introducing new AI-powered digital products and strengthening cross-team collaboration,Il Messaggero,https://www.ftstrategies.com/en-gb/case-studies/il-messaggero-accelerated-subscription-growth-by-introducing-new-ai-powered-digital-products-and-strengthening-cross-team-collaboration,"Subscriptions,News distribution",Italy,"December 11, 2025","Gemini,Subscriptions,Optimisation",
"Beyond blue links: Meet NEO, EBU’s project to reinvent news access",EBU,https://www.journalismai.info/blog/beyond-blue-links-how-the-ebu-built-neo-to-reinvent-news-access,"Audience Engagement,News distribution",France,"November 21, 2025",,
"Factivo AI, a force-multiplier for multi-format journalism",Scroll.in,https://www.journalismai.info/programmes/innovation/innovation-challenge-2024/scroll,News distribution,India,"November 11, 2025","Engaged journalism,Audiences,GenAI,JournalismAI Innovation Challenge",
Building AI for African Voices,The Republic,https://www.journalismai.info/programmes/innovation/innovation-challenge-2024/the-republic,News production ,Nigeria,"November 11, 2025","Voice systems,GenAI,Audio,Translations,JournalismAI Innovation Challenge",
AI platform aids journalists and readers overcome historical amnesia,Nawaat,https://www.journalismai.info/programmes/innovation/innovation-challenge-2024/nawaat,News distribution,Tunisia,"November 11, 2025","JournalismAI Innovation Challenge,Archives,Translations",
"Using custom-AI to enhance its political accountability tool, Digital Democracy",CalMatters,https://www.journalismai.info/programmes/innovation/innovation-challenge-2024/calmatters,Newsgathering,United States,"November 11, 2025","JournalismAI Innovation Challenge,Document analysis,Transcripts,Assisted journalism,Chatbots",
how to build an AI chatbot that democratises economics,Economía para la Pipol,https://www.journalismai.info/programmes/innovation/innovation-challenge-2024/economia-para-la-pipol,Audience Engagement,Colombia,"November 11, 2025","Chatbots,Audiences,GenAI,Data Visualization,JournalismAI Innovation Challenge",
Sustaining media operations during crisis,Babel NGO,https://www.journalismai.info/programmes/innovation/innovation-challenge-2024/babel-ngo,"News distribution,Audiovisual",Ukraine,"November 11, 2025","JournalismAI Innovation Challenge,Avatars",
Serving readers by using AI to answer SRHR questions,Raseef22,https://www.journalismai.info/programmes/innovation/innovation-challenge-2024/raseef22,Audience Engagement,United Kingdom,"November 11, 2025","Chatbots,Audiences,JournalismAI Innovation Challenge",
Powering data-driven investigations with AI,CINS,https://www.journalismai.info/programmes/innovation/innovation-challenge-2024/cins,Newsgathering,Serbia,"November 11, 2025","Data journalism,Document analysis,JournalismAI Innovation Challenge",
Using AI to deliver service journalism where people are,Agencia Mural,https://www.journalismai.info/programmes/innovation/innovation-challenge-2024/agencia-mural,News distribution,Brazil,"November 11, 2025","JournalismAI Innovation Challenge,Audiences,News distribution,Chatbots,Climate",
Building Nigeria’s culturally aware transcription tool,ICIR Nigeria,https://www.journalismai.info/programmes/innovation/innovation-challenge-2024/icir-nigeria,Newsgathering,Nigeria,"November 11, 2025",JournalismAI Innovation Challenge,
Building understandable common knowledge,El Surti,https://www.journalismai.info/programmes/innovation/innovation-challenge-2024/el-surti,"Audience Engagement,Revenue",Paraguay,"November 11, 2025","JournalismAI Innovation Challenge,Natural Language Generation,GenAI,Chatbots,Audiences",
An AI companion editor for its journalists,The European Correspondent ,https://www.journalismai.info/programmes/innovation/innovation-challenge-2024/the-european-correspondent,News production ,Switzerland,"November 11, 2025",JournalismAI Innovation Challenge,
Building intelligence into fact-checking workflows,Maldita.es,https://www.journalismai.info/programmes/innovation/innovation-challenge-2024/malditaes,News production ,Spain,"November 11, 2025","JournalismAI Innovation Challenge,Assisted journalism",
Building bridges between newsrooms through an AI-powered newsletter exchange,openDemocracy,https://www.journalismai.info/programmes/innovation/innovation-challenge-2024/open-democracy,News distribution,United Kingdom,"November 11, 2025",JournalismAI Innovation Challenge,
"Using AI to create SEEK, a GenAI fact-checking search engine",VERA Files,https://www.journalismai.info/programmes/innovation/innovation-challenge-2024/vera-files,,Philippines,"November 11, 2025",JournalismAI Innovation Challenge,
Transforming data into actionable insights,Sowt ,https://www.journalismai.info/programmes/innovation/innovation-challenge-2024/sowt,,Jordan,"November 11, 2025",JournalismAI Innovation Challenge,
Building a custom AI tools hub,La Silla Vacía,https://www.journalismai.info/programmes/innovation/innovation-challenge-2024/la-silla-vacia,"News production ,Revenue",Colombia,"November 11, 2025",JournalismAI Innovation Challenge,
Giving a voice to gun violence numbers,Instituto Fogo Cruzado,https://www.journalismai.info/programmes/innovation/innovation-challenge-2024/fogo-cruzado,,Brazil,"November 11, 2025",JournalismAI Innovation Challenge,
Using GenAI to track government promises,Full Fact,https://www.journalismai.info/programmes/innovation/innovation-challenge-2024/full-fact,Newsgathering,United Kingdom,"November 11, 2025",JournalismAI Innovation Challenge,
Building trust in Indigenous communities with AI,Verified News Network,https://www.journalismai.info/programmes/innovation/innovation-challenge-2024/verified-news-network,,United States,"November 11, 2025",JournalismAI Innovation Challenge,
Building an AI system to combat climate misinformation,Science Feedback,https://www.journalismai.info/programmes/innovation/innovation-challenge-2024/science-feedback,,France,"November 11, 2025",JournalismAI Innovation Challenge,
Using AI to improve story production workflows,Gubbi Labs,https://www.journalismai.info/programmes/innovation/innovation-challenge-2024/gubbi-labs,,India,"November 11, 2025",JournalismAI Innovation Challenge,
Empowering local news through AI efficiency,The Oglethorpe Echo,https://www.journalismai.info/programmes/innovation/innovation-challenge-2024/the-oglethorpe-echo,,United States,"November 11, 2025",JournalismAI Innovation Challenge,
Reviving regional journalism through personalised community engagement,MAKEDONIA,https://www.journalismai.info/programmes/innovation/innovation-challenge-2024/makedonia,,Greece,"November 11, 2025",JournalismAI Innovation Challenge,
Unmasking disinformation during elections,CCIJ,https://www.journalismai.info/programmes/innovation/innovation-challenge-2024/ccij,,United States,"November 11, 2025",JournalismAI Innovation Challenge,
Building Mongolia's First AI-Powered Fact-Checking System,Nest Center,https://www.journalismai.info/programmes/innovation/innovation-challenge-2024/nest-center,,Mongolia,"November 11, 2025",JournalismAI Innovation Challenge,
Teaching AI to spot hidden bias,Shomrim,https://www.journalismai.info/programmes/innovation/innovation-challenge-2024/shomrim,,Israel,"November 11, 2025",JournalismAI Innovation Challenge,
Using AI to boost its membership strategy,Daily Maverick,https://www.journalismai.info/programmes/innovation/innovation-challenge-2024/daily-maverick,,South Africa,"November 11, 2025",JournalismAI Innovation Challenge,
Using AI to tackle disinformation on social media,Newtral ,https://www.journalismai.info/programmes/innovation/innovation-challenge-2024/newtral,"Newsgathering,Investigations",Spain,"November 11, 2025",JournalismAI Innovation Challenge,
Bringing AI-powered fact-checking to Africa's languages,Tama Media,https://www.journalismai.info/programmes/innovation/innovation-challenge-2024/tama-media,,France,"November 11, 2025",JournalismAI Innovation Challenge,
Building on market needs’ shoulders,Mas Voces ,https://www.journalismai.info/programmes/innovation/innovation-challenge-2024/mas-voces,Revenue,United States,"November 11, 2025",JournalismAI Innovation Challenge,
Building AI accessibility for fact-checkers,La Voz (Chequeado),https://www.journalismai.info/programmes/innovation/innovation-challenge-2024/chequeado,News production ,Argentina,"November 11, 2025","JournalismAI Innovation Challenge,Fact checking,Assisted journalism,Smart assistant",
Understanding anti-gender discourse on YouTube: a feminist approach to AI-powered monitoring,Gênero e Número,https://www.journalismai.info/programmes/innovation/innovation-challenge-2024/genero-e-numero,Newsgathering,Brazil,"November 11, 2025","JournalismAI Innovation Challenge,Disinformation,YouTube,LGBTQ+",
Using AI to combat misinformation in Syria,Verify Media Platform,https://www.journalismai.info/programmes/innovation/innovation-challenge-2024/verify-media-platform,,Turkey,"November 11, 2025",JournalismAI Innovation Challenge,
Using AI to predict subscriber churn,Digitalhaus Franken GmbH,https://www.journalismai.info/programmes/innovation/innovation-challenge-2024/digitalhaus-franken,,Germany,"November 11, 2025",JournalismAI Innovation Challenge,
The Onion's AI Strategy: Why Satire Can't Be Automated,The Onion,https://newsmachines.beehiiv.com/p/the-onion-ai-strategy,"Responsible AI,AI Strategy ",United States,"October 22, 2025","Content strategy,Responsibility",
How iTromsø Built Norway's Most AI-Ready Newsroom,iTromsø,https://newsmachines.beehiiv.com/p/how-itroms-built-norway-s-most-ai-ready-newsroom,Management,Norway,"September 17, 2025","Content strategy,RAG,Automation",
"ChatMigrante: an AI powered tool that supports migrants with accurate, personalized guidance through their migratory process.
",FactChequeado,https://awards.journalists.org/entries/chatmigrante-an-ai-powered-tool-that-supports-migrants-with-accurate-personalized-guidance-through-their-migratory-process/,Audience Engagement,United States,"September 11, 2025",Chatbots,
Onet Czat with AI creates simplified experience for Ringier Axel Springer Polska readers,Onet Czat,https://www.inma.org/blogs/Content-Strategies/post.cfm/onet-czat-with-ai-creates-simplified-experience-for-ringier-axel-springer-polska-readers,"Audience Engagement,News distribution",Poland,"August 11, 2025","Audiences,Personalised content",
Hearst Newspapers leverages AI for a human-centred strategy,Hearst Newspapers,https://www.inma.org/blogs/Generative-AI-Initiative/post.cfm/hearst-newspapers-leverages-ai-for-a-human-centred-strategy?_zs=IL4SR1&_zl=JlEq7,"AI Strategy ,Education & Training",Unites Stated,"August 10, 2025","Automation,Assisted journalism,Smart assistant,Training",
Can AI Triage a Pitch? A Case Study in Editorial Evaluation from Minority Africa,Minority Africa,https://generative-ai-newsroom.com/can-ai-triage-a-pitch-a-case-study-in-editorial-evaluation-from-minority-africa-beb864444f9e,Management,"Nigeria, Uganda","June 18, 2025","CustomGPTs,Newsroom organization",
Gruner + Jahr drives a cultural shift toward AI,Gruner + Jahr,https://newsinitiative.withgoogle.com/en-gb/resources/stories/gruner-jahr-drives-a-cultural-shift-toward-ai-1/,News production ,Germany,"May 26, 2025","Google Tools,AI Hubs",
What Nikkei learnt from building its own Japanese AI chatbot,Nikkei,https://reutersinstitute.politics.ox.ac.uk/news/what-nikkei-learnt-building-its-own-japanese-ai-chatbot?Institute_for_the_Study_of_Journalism,"News distribution,Audience Engagement",Japan,"May 20, 2025","Chatbots,Subscriptions",
How AI summarizes the content of user comments on BR24,BR24,"https://www.br.de/nachrichten/wissen/wie-ki-den-inhalt-der-user-kommentare-bei-br24-zusammenfasst,UgNIPa2","Comment Moderation,Audience Engagement",Germany,"May 16, 2025","Comments,GenAI",
From Idea to Implementation: Lessons Learned from the First AI Integration Process in a Local Argentine Newsroom,0221,https://theaudiencers.com/from-idea-to-implementation-lessons-learned-from-the-first-ai-integration-process-in-a-local-argentine-newsroom/,AI Strategy ,Argentina,"May 9, 2025","AI Hubs,CustomGPTs,Assisted journalism,Local news",https://medium.com/periodismo-sint%C3%A9tico/de-la-idea-a-la-implementaci%C3%B3n-lecciones-aprendidas-del-primer-proceso-de-integraci%C3%B3n-de-ia-en-un-8149945d47e7
How Full Fact Uses Generative AI to Find Harmful Health Advice,Full Fact,https://generative-ai-newsroom.com/how-full-fact-uses-generative-ai-to-find-harmful-health-advice-b0e05382ab90,"Generative AI,Newsgathering",United Kingdom,"May 1, 2025","Fact checking,Disinformation,GenAI",
Wall Street Journal taxbot answers questions (while readers try to break it),Wall Street Journal,https://www.inma.org/blogs/Generative-AI-Initiative/post.cfm/wall-street-journal-taxbot-answers-questions-while-readers-try-to-break-it,News distribution,United States,"April 29, 2025",Chatbots,
"From summaries to assisting in investigative reporting, how the FT uses AI",FT,https://wan-ifra.org/2025/04/from-summaries-to-assisting-in-investigative-reporting-how-the-ft-uses-ai/,AI Strategy ,United Kingdom,"April 11, 2025","Summary,Investigative reporting,Content strategy",
EarthCheckr: Leveraging Generative AI for Environmental Journalism Fact-Checking,EarthCheckr,https://generative-ai-newsroom.com/earthcheckr-leveraging-generative-ai-for-environmental-journalism-fact-checking-00a7f82fb0a3,Fact-checking,,"March 12, 2025","Investigations,Fact checking,GenAI",
Scroll.in offers a lesson in the personalisation of news,Scroll.in,https://www.inma.org/blogs/Generative-AI-initiative-newsletter/post.cfm/scroll-in-offers-a-lesson-in-the-personalisation-of-news,Personalization,India,"March 11, 2025","Personalised content,GenAI",
Ask us your news question – new type of search in Sveriges Radio Play, Sveriges Radio,https://www.sverigesradio.se/artikel/stall-din-nyhetsfraga-till-oss-ny-typ-av-sok-i-sveriges-radio-play,"Audience Engagement,Responsible AI",Sweden ,"March 10, 2025",Chatbots,
"This AI tool could give newsrooms “eyes and ears where they don’t have them” - ""Roganbot""",Verso,https://www.niemanlab.org/2025/03/this-ai-tool-could-give-newsrooms-eyes-and-ears-where-they-dont-have-them/,Newsgathering,United States,"March 10, 2025","Assisted journalism,GenAI,Audio,Transcripts",
BZ.Echo | A custom AI platform for Badische Zeitung’s newsrooms,Badischer Verlag,https://www.inma.org/best-practice/Best-Use-of-AI-for-Internal-Productivity/2025-698/BZ.Echo,News production ,Germany,"March 5, 2025","Copilot,GenAI",
"AIAssist: AI-Embedded Newsroom, Centralising Journalism Values",United Daily News Group,https://www.inma.org/best-practice/Best-Initiative-to-Grow-Subscriptions/2025-41/AIAssist-AI-Embedded-Newsroom-Centralising-Journalism-Values,"AI Strategy ,News production ",Taiwan,"March 5, 2025","Copilot,Subscriptions",
Smart Strategies for Tough Times: How Data and AI Empower Publishers to Reclaim Advertising Revenue,United Daily News Group,https://www.inma.org/best-practice/Best-Idea-to-Grow-Advertising-Sales/2025-40/Smart-Strategies-for-Tough-Times-How-Data-and-AI-Empower-Publishers-to-Reclaim-Advertising-Revenue,Revenue,Taiwan,"March 5, 2025","Advertising,Optimisation",
Transforming the FT’s subscriber retention through AI and personalisation,FT,https://www.inma.org/best-practice/Best-Initiative-to-Engage-and-Retain-Subscribers/2025-611/Transforming-the-FTs-Subscriber-Retention-Through-AI-and-personalisation,Subscriptions,United Kingdom,"March 4, 2025","Subscriptions,Personalised content",
Russmedia Meets AI 2.0,Russmedia,https://www.inma.org/best-practice/Best-Use-of-AI-for-Internal-Productivity/2025-397/Russmedia-Meets-AI-2.0,News production ,Austria,"March 3, 2025","Newsroom organization,AI Hubs,AI Literacy,Assisted journalism",
Ringier Slovakia builds out AI to diversify,Ringier Slovakia,https://newsinitiative.withgoogle.com/resources/stories/ringier-slovakia-builds-out-ai-to-diversify/,News distribution,Slovakia,"February 26, 2025","Formatting,Localisation,Google Tools",
How a small Nigerian newsroom used AI for a flooding investigation,The Colonist Report,https://reutersinstitute.politics.ox.ac.uk/news/how-small-nigerian-newsroom-used-ai-flooding-investigation,"Investigations,Generative AI",Nigeria,"February 17, 2025","GenAI,Investigations,Document analysis",
How AI can help fact checkers,Full Fact,https://fullfact.org/blog/2025/feb/how-ai-can-help-fact-checkers/,Fact-checking,United Kingdom,"February 11, 2025","Fact checking,GenAI,Disinformation",
"Transforming Longform Text into Multimedia using Generative AI
",PCIJ,https://generative-ai-newsroom.com/transforming-longform-text-into-multimedia-using-generative-ai-5cc50fa9b460,"News distribution,Synthetic Media",Philippines,"February 5, 2025","GenAI,Multimedia,Images,Videos",
Using genAI to understand impact of journalism: The Agência Pública story,Agência Pública,https://www.journalismai.info/blog/using-genai-to-understand-impact-of-journalism-the-agncia-pblica-story,Research & Innovation ,Brazil,"February 4, 2025","Analytics,GenAI",
Unlocking the future of translation for local journalism: Lessons from CPI’s AI experiment,Centro de Periodismo Investigativo (CPI),https://medium.com/american-journalism-project/unlocking-the-future-of-translation-for-local-journalism-lessons-from-cpis-ai-experiment-7e9e1c7578e0,News distribution,Puerto Rico,"January 31, 2025","Translations,Localisation",
Bonnier News launches GenAI tool in record time,Bonnier News,https://newsinitiative.withgoogle.com/en-gb/resources/stories/bonnier-news-launches-genai-tool-in-record-time/,Generative AI,Sweden,"January 24, 2025","Images,Transcripts,Optimisation,Newsroom organization,Gemini,BigQuery",
How A.I. Tools Helped the Travel Team Study Its ‘Places to Go’ Lists,The New York Times,https://www.nytimes.com/2025/01/19/travel/how-ai-tools-helped-the-travel-team-study-its-places-to-go-lists.html,Generative AI,United States,"January 19, 2025","Archives,Content production,GenAI,Gemini",
Assembly: Using AI to Transform Coverage of Public Meetings,Hearst Newspapers,https://www.inma.org/best-practice/Best-Use-of-AI-for-Internal-Productivity/2025-127/Assembly-Using-AI-to-Transform-Coverage-of-Public-Meetings,Newsgathering,United States,"January 16, 2025","Transcripts,News coverage,GenAI",
"Bloomberg Launches Gen AI Summarization for News Content
",Bloomberg,https://www.bloomberg.com/company/press/bloomberg-launches-gen-ai-summarization-for-news-content/,Generative AI,Global,"January 15, 2025","GenAI,Formatting,News Summaries",
Creating a user-centric news experience,Il Sole 24 Ore,https://newsinitiative.withgoogle.com/en-gb/resources/stories/creating-a-more-user-centric-news-experience,"Personalization,Audience Engagement",Italy,"January 10, 2025","Personalised content,Search,Optimisation,Google Tools",
NTM launches AI-powered automated audio news,NTM Media,https://www.inma.org/blogs/value-content/post.cfm/ntm-launches-ai-powered-automated-audio-news,News distribution,Sweden,"January 5, 2025","Audio,Automation,Audiences,Recommender Systems",https://www.inma.org/best-practice/Best-New-Digital-Product/2025-55/Top-News-AI-Powered-Audio
"From debunking disinformation to turning datasets into stories, AI is changing newsrooms in Nigeria",Dubawa ,https://ijnet.org/en/story/debunking-disinformation-turning-datasets-stories-ai-changing-newsrooms-nigeria,Fact-checking,Nigeria ,"December 18, 2024","Fact checking,Document analysis",
"About TIME’s AI Chatbot
",TIME,https://time.com/7201512/time-ai-chatbot-about/,News production ,United States,"December 11, 2024",Chatbots,
Why We’re Introducing Generative AI to TIME’s Journalism,TIME ,https://time.com/7201556/generative-ai-time-journalism/,AI Strategy ,United States ,"December 11, 2024","Chatbots,News Summaries,Translations",
E24 embraces cooperation to maximise AI’s potential,E24,https://www.inma.org/blogs/media-leaders/post.cfm/e24-embraces-cooperation-to-maximise-ai-s-potential,"Investigations,AI Strategy ,News production ",Norway,"December 8, 2024",Investigations,
Inside the FT’s AI-Powered Story Finding,FT,https://medium.com/ft-product-technology/inside-the-fts-ai-powered-story-finding-efe6d154f20b,Newsgathering,United Kingdom,"November 28, 2024","Investigations,Data journalism,Tracking technologies",
Teaching a CustomGPT to Help Inspect the Philippine National Budget,Jaemark Tordecilla,https://generative-ai-newsroom.com/teaching-a-customgpt-to-help-inspect-the-philippine-national-budget-2acadd25a172,Generative AI,Philippines,"November 25, 2024","GenAI,CustomGPTs",
Using AI to reveal illegal narco-trafficking airstrips deep in the Amazon,Mongabay,https://awards.journalists.org/entries/using-ai-to-reveal-illegal-narco-trafficking-airstrips-deep-in-the-amazon,Investigations,Peru,"November 25, 2024","Machine Learning,Satellite images",https://news.mongabay.com/custom-story/2024/11/indigenous-leaders-killed-as-narco-airstrips-cut-into-their-amazon-territories/
AI in Sports: How ESPN Is Leveraging Tech to Highlight Niche Sports,ESPN,https://athelogroup.com/blog/ai-in-sports-how-espn-is-leveraging-tech-to-highlight-niche-sports,AI Strategy ,United States,"November 24, 2024","Sports,Content strategy,Personalised content",
Project: VERDAD—tracking misinformation in radio broadcasts using Gemini 1.5,Public Data Works,https://simonwillison.net/2024/Nov/7/project-verdad/,Newsgathering,Unites States,"November 7, 2024","Gemini,Misinformation,Radio,Transcripts",
Aos Fatos using GenAI to surface verified information audiences need,Aos Fatos,https://www.journalismai.info/blog/a7179akynhl5ocvo75xryautpr4azf,"News distribution,Generative AI",Brazil,"November 1, 2024","Chatbots,ChatGPT",
Inside the Movement Behind Trump’s Election Lies,New York Times,https://www.nytimes.com/interactive/2024/10/28/us/politics/inside-the-movement-behind-trumps-election-lies.html?unlocked_article_code=1.Vk4.ucv9.dbHVquTQaf0G&smid=nytcore-ios-share&referringSource=articleShare,Newsgathering,USA,"October 29, 2024","Machine Learning,Transcripts,Investigative reporting,US elections",
"How The Times of India Brings Real-Time Personalization to 1,500+ Daily News Stories",Times of India ,https://journalists.org/resources/case-study-how-the-times-of-india-brings-real-time-personalization-to-1500-daily-news-stories/,"Personalization,Audience Engagement",India ,"October 29, 2024","Personalised content,Recommender Systems,Audiences",
"LN Audio: now in addition to reading your favourite authors, you can listen to them",La Nación,https://www.lanacion.com.ar/sociedad/ln-audio-ya-podes-leer-a-tus-autores-favoritos-ahora-los-vas-a-poder-escuchar-nid28102024/ | https://www.inma.org/best-practice/Best-New-Audio-Voice-Product-or-Feature/2025-218/AI-Author-Voices,News distribution,Argentina,"October 28, 2024","Audio,Formatting",
"Case Study: Using AI to Analyze Open-Source Intelligence in Ukraine War Reporting
",BBC,https://journalists.org/resources/case-study-using-ai-to-analyze-open-source-intelligence-in-ukraine-war-reporting/,Newsgathering,United Kingdom,"October 22, 2024","LLMs,Social media,Facial recognition",
"A Mixed-Methods Approach to Offline Evaluation of News Recommender Systems
",DER SPIEGEL,https://towardsdatascience.com/a-mixed-methods-approach-to-offline-evaluation-of-news-recommender-systems-7dc7e9f0b501,Personalization,Germany,"October 11, 2024","Audiences,Recommender Systems,Personalised content",
 Sweden’s Aftonbladet Built AI-Driven Editorial Tools and an Election Chatbot,Aftonbladet,https://journalists.org/resources/case-study-swedens-aftonbladet-built-ai-driven-editorial-tools-and-an-election-chatbot/,Audience Engagement,Sweden,"October 8, 2024","News Summaries,Chatbots",
 How Bayerischer Rundfunk Used Modular Journalism to Personalize Radio News Based on Location,Bayerischer Rundfunk,https://journalists.org/resources/case-study-how-bayerischer-rundfunk-used-modular-journalism-to-personalize-radio-news-based-on-location/,"AI Strategy ,Audience Engagement,Personalization",Germany,"October 1, 2024","Automation,Personalised content,Modular Journalism",
How Journalism Groups in Africa Are Building AI Tools to Aid Investigations and Fact-Checking,"FactCheckAfrica, CJID, Dataphyte",https://gijn.org/stories/africa-journalism-building-ai-investigations-fact-checking/,"News distribution,News production ","Nigeria, Kenya","October 1, 2024","Fact checking,Disinformation,Chatbots,Fake news",
Chatbot tells story of woman imprisoned for drug trafficking in Paraguay,El Surti,https://latamjournalismreview.org/articles/chatbot-tells-story-of-woman-imprisoned-for-drug-trafficking-in-paraguay/,"Generative AI,Audience Engagement",Paraguay,"September 30, 2024","GenAI,Engaged journalism,Chatbots,ChatGPT",
SFChronicle unveils AI tool to answer your Kamala Harris questions,San Francisco Chronicle | Hearst,https://getcoai.com/news/sfchronicle-unveils-ai-tool-to-answer-your-kamala-harris-questions/,Audience Engagement,USA,"September 24, 2024","Chatbots,Archives,US elections,Interactive journalism",
Building AI Literacy at Canada’s National Public Broadcaster Radio-Canada,Radio-Canada,https://journalists.org/resources/case-study-building-ai-literacy-at-canadas-national-public-broadcaster-radio-canada/,AI Strategy ,Canada,"September 24, 2024","Newsroom organization,AI Literacy",
Transforming Workflows with AI at Zamaneh Media,Zamaneh Media,https://journalists.org/resources/case-study-transforming-workflows-with-ai-at-zamaneh-media/,News production ,Netherlands ,"September 20, 2024","Smart assistant,News Summaries",
Case Study: Enhancing Fact-Checking with AI at Der Spiegel,Der Spiegel,https://journalists.org/resources/case-study-enhancing-fact-checking-with-ai-at-der-spiegel/,Fact-checking,Germany,"September 3, 2024","Automation,Fact checking",
News companies are using GenAI in these 4 interesting ways,"The New York Times, Dagbladet, Washington Post, Stuff Group",https://www.inma.org/blogs/Generative-AI-Initiative/post.cfm/news-companies-are-using-genai-in-these-4-interesting-ways,"Generative AI,AI Strategy ","USA, New Zealand, Denmark","September 2, 2024","GenAI,News distribution",
"At Times of India Group, AI offers real-time employee feedback, but human touch is essential",The Times of India,https://www.inma.org/blogs/media-leaders/post.cfm/at-times-group-ai-offers-real-time-employee-feedback-but-human-touch-is-essential,Management,India,"September 2, 2024",,
"How Hearst Newspapers built an AI-powered, Slack-based Tool to Help With Digital Content Production",Hearst Newspapers,https://journalists.org/resources/case-study-how-hearst-newspapers-built-an-ai-powered-slack-based-tool-to-help-with-digital-content-production/,News production ,United States,"August 27, 2024","Newsroom organization,AI Literacy,GenAI,SEO",
"Djinn, an AI-powered Data Journalism Interface",iTromsø,https://journalists.org/resources/case-study-djinn-an-ai-powered-data-journalism-interface/,Newsgathering,Norway,"August 20, 2024","Content strategy,Content production",
New Washington Post AI tool sifts massive data sets,The Washington Post,https://www.axios.com/2024/08/20/washington-post-ai-tool-data,"Newsgathering,News production ",United States ,"August 20, 2024","Data journalism,Chatbots",
"Operacion Retuit: Information against persecution of journalists in Venezuela, using AI",Connectas,https://www.connectas.org/operacion-retuit-information-against-persecution-of-journalists-in-venezuela-using-ai/,News distribution,Venezuela,"August 13, 2024","News coverage,Deep fakes,Videos",
"Meet NAT, the AI-generated presenter offering soft news to Mexican audiences",Grupo Fórmula,https://reutersinstitute.politics.ox.ac.uk/news/meet-nat-ai-generated-presenter-offering-soft-news-mexican-audiences,News distribution,Mexico,"August 9, 2024","News distribution,News Anchors,AI Generated",
How the Jersey Bee uses AI and automation to produce curated local newsletters,Jersey Bee,https://www.youtube.com/watch?v=b6xZiMTphD0,News distribution,United States,"July 30, 2024","Newsletters,Curated content,Automation",
Aftonbladet shares 3 lessons learned from its new AI hub,Aftonbladet - Schibsted,https://www.inma.org/blogs/ideas/post.cfm/aftonbladet-shares-3-lessons-learned-from-its-new-ai-hub,AI Strategy ,Sweden,"June 30, 2024","AI Hubs,Automation,Smart assistant,Content strategy,Newsroom organization,Optimisation",
"Two months in, what has the FT learned about launching its own generative AI tool, AskFT",Financial Times,https://www.ftstrategies.com/en-gb/insights/what-has-the-ft-learned-about-launching-its-own-generative-ai-tool,Generative AI,UK,"June 11, 2024","Content strategy,GenAI,Chatbots,Smart assistant,Archives",
Spain’s Relevo boosts homepage engagement by a third with AI-driven coding,Relevo,https://wan-ifra.org/2024/06/spains-relevo-boosts-homepage-engagement-by-a-third-with-ai-driven-coding/,"Analytics,Audience Engagement",Spain,"June 5, 2024","Algorithms,SEO,Metrics,Optimisation",
How Norway’s public broadcaster uses AI-generated summaries to reach younger audiences,Norwegian Broadcasting Corporation (NRK) ,https://reutersinstitute.politics.ox.ac.uk/news/how-norways-public-broadcaster-uses-ai-generated-summaries-reach-younger-audiences,Audience Engagement,Norway,"June 4, 2024","Summary,News consumption,Audiences",
"Why does ChatGPT 3.5 misidentify President Erdogan's birthplace, and how can we overcome such errors?",Teyit,https://en.teyit.org/teyitpedia/why-does-chatgpt-35-misidentify-president-erdogans-birthplace-and-how-can-we-overcome-such-errors,"Generative AI,Evaluation",Turkiye,"May 24, 2024","ChatGPT,Optimisation",
AI is boosting Forbes’ publishing capabilities,Forbes,https://newsinitiative.withgoogle.com/es-mx/resources/stories/ai-is-boosting-forbes-publishing-capabilities,"News production ,News distribution",Czech Republic,"May 7, 2024","Recommender Systems,Assisted journalism,Google Tools,Tensorflow",
Rede Gazeta experiments with GenAI to create its own news assistant,Rede Gazeta,https://www.inma.org/blogs/Generative-AI-Initiative/post.cfm/rede-gazeta-experiments-with-genai-to-create-its-own-news-assistant,Generative AI,Brazil,"April 22, 2024",Smart assistant,
I trained an AI model with my own scripts and created a chatbot to help journalists make viral vertical videos,Sophia Smith Galer,https://reutersinstitute.politics.ox.ac.uk/news/i-trained-ai-model-my-own-scripts-and-created-chatbot-help-journalists-make-viral-vertical,"Audience Engagement,Generative AI",UK,"April 16, 2024","Videos,Smart assistant,Content strategy,Chatbots,GenAI",
How a Spanish media group created an AI tool to detect audio deepfakes to help journalists in a big election year,PRISA,https://reutersinstitute.politics.ox.ac.uk/news/how-spanish-media-group-created-ai-tool-detect-audio-deepfakes-help-journalists-big-election,"Fact-checking,Research & Innovation ",Spain,"April 8, 2024","Fact checking,Deep fakes",
AI in local journalism: How two Brazilian media outlets are using generative AI to provide services to their audiences,Agência Tatu / Farolete,https://latamjournalismreview.org/articles/ai-in-local-journalism-how-two-brazilian-media-outlets-are-using-generative-ai-to-provide-services-to-their-audiences/,Generative AI,Brazil,"April 3, 2024","News distribution,Content production,GenAI",
Cuestión Pública of Colombia creates AI tool to improve daily coverage with investigative journalism,Cuestión Pública,https://latamjournalismreview.org/articles/cuestion-publica-of-colombia-creates-ai-tool-to-improve-daily-coverage-with-investigative-journalism/,"Investigations,News production ",Colombia,"April 2, 2024","Investigations,Breaking News,Data journalism",
"Hearst Newspapers leverages AI to build local content, reader loyalty",Hearst Newspapers,https://www.inma.org/blogs/Generative-AI-Initiative/post.cfm/hearst-newspapers-leverages-ai-to-build-local-content-reader-loyalty,"News production ,News distribution",United States,"March 24, 2024","Local news,Localisation,Assisted journalism,AI Hubs",
Expanding hyperlocal coverage: Growing a local newsletter portfolio with automation,Tamedia,https://www.innovate-local.org/tamedia,News distribution,Switzerland,"March 20, 2024","Automation,Newsletters",
How Amedia Got Half Its Journalists Using AI By Keeping It Simple,Amedia,https://www.innovate-local.org/amedia,"Generative AI,AI Strategy ",Norway,"March 6, 2024","Newsroom organization,AI Literacy",https://www.inma.org/best-practice/Best-Use-of-AI-for-Internal-Productivity/2025-8/How-Amedia-Got-Half-Its-Journalists-Using-AI-By-Keeping-It-Simple
We Asked an AI to Map Our Stories Across NYC,The City NYC,https://www.thecity.nyc/2024/02/29/chatgpt-map-stories-nyc/,Evaluation,USA,"February 29, 2024","News coverage,Analytics,Optimisation,Metrics",
Reach using AI to speed up ‘ripping’ and use same article on multiple sites,Reach,https://pressgazette.co.uk/publishers/nationals/reach-ai-guten/,News production ,USA ,"February 22, 2024",News coverage,
Semafor executive editor Gina Chua explains its Microsoft-sponsored ‘Signals’ format,Semafor ,https://pressgazette.co.uk/publishers/digital-journalism/semafor-microsoft-signals-ai/,"AI Strategy ,News production ,Audience Engagement",United States ,"February 9, 2024","News coverage,Automation",
Teaching a Custom GPT to Read Audit Reports and Support Watchdog Journalism,Generative AI Newsroom,https://generative-ai-newsroom.com/teaching-a-custom-gpt-to-read-audit-reports-and-support-watchdog-journalism-1e124196ca15,Newsgathering,Philippines,"January 30, 2024","Investigations,GenAI,ChatGPT",
This Brazilian fact-checking org uses a ChatGPT-esque bot to answer reader questions,Aos Fatos,https://www.niemanlab.org/2024/01/this-brazilian-fact-checking-org-uses-a-chatgpt-esque-bot-to-answer-reader-questions/,"Responsible AI,Fact-checking",Brazil ,"January 9, 2024",Fact checking,
Reaching young readers: How Stavanger Aftenblad covers junior football like it’s the Champions League,Stavanger Aftenblad,https://www.innovate-local.org/stavanger-aftenblad,News production ,Norway,"January 7, 2024","Formatting,Audiences,Natural Language Generation",
How one of the world’s oldest newspapers is using AI to reinvent journalism,Berrow’s Worcester Journal,https://www.theguardian.com/technology/2023/dec/28/how-one-of-the-worlds-oldest-newspapers-is-using-ai-to-reinvent-journalism,"News production ,Responsible AI",UK,"December 28, 2023",,
Quispe Chequea: an artificial intelligence verification platform in indigenous languages,Ojo Público,https://ojo-publico.com/4879/quispe-chequea-inteligencia-artificial-contra-la-desinformacion,News distribution,Peru,"December 22, 2023","Fact checking,GenAI,Diversity",
A Times Investigation Tracked Israel’s Use of One of Its Most Destructive Bombs in South Gaza,New York Times,https://www.nytimes.com/2023/12/21/world/middleeast/israel-gaza-bomb-investigation.html,"Investigations,Newsgathering",USA,"December 21, 2023","Satellite images,Machine Learning",
Argentina’s Clarín introduces AI assistant UalterAI to help boost engagement,Clarin,https://wan-ifra.org/2024/01/clarin-introduces-ai-assistant-ualterai-to-increase-engagement-on-its-news-site/,Audience Engagement,Argentina,"December 16, 2023","Automation,Content strategy,Quote extractions",
How Newsquest and its seven AI-assisted reporters are using ChatGPT,Newsquest,https://pressgazette.co.uk/publishers/regional-newspapers/newsquest-ai-assisted-reporters/,"Newsgathering,News production ,Generative AI",USA,"December 15, 2023",Smart assistant,
Agência Pública launches reports read by Artificial Intelligence (deprecated),Agência Publica,https://apublica.org/2023/10/agencia-publica-lanca-leitura-de-reportagens-por-inteligencia-artificial/,News distribution,Brazil,"October 26, 2023","Formatting,Content strategy,News consumption",
Automated writing of public safety incidents into the content management system ,Brainerd Dispatch (Minessota),https://www.ap.org/assets/files/ap-local-ai-brainerd-dispatch-oct-2023.pdf,"Newsgathering,News production ",USA,"October 10, 2023","Automation,Bot service,Local news",
Publication of Spanish-language news alerts using National Weather Service data in English,El Vocero de Puerto Rico,https://www.ap.org/assets/files/ap-local-ai-el-vocero-oct-2023.pdf,News production ,USA,"October 10, 2023","Automation,Content production,News coverage",
Automated transcription of recorded videos and summarization of the transcripts to create an article’s initial framework,KSAT-TV,https://www.ap.org/assets/files/ap-local-ai-ksat-oct-2023.pdf,News production ,USA,"October 10, 2023","Automation,Content production,Videos,Transcripts",
"Expanding the Minutes application, which creates transcripts of city council meetings, to include keyword identification and reporter alerts",Michigan Radio,https://www.ap.org/assets/files/ap-local-ai-michigan-radio-oct-2023.pdf,Newsgathering,USA,"October 10, 2023","Automation,Transcripts,Fast Alert",
How genAI summaries are boosting Daily Maverick’s readership,Daily Maverick,https://wan-ifra.org/2023/09/ai-use-cases-how-genai-summaries-are-boosting-daily-mavericks-readership/,Audience Engagement,South Africa ,"September 29, 2023",Audiences,
AI tools for combating deepfakes,IJnet,https://ijnet.org/en/story/ai-tools-combating-deepfakes,Fact-checking,Global,"September 12, 2023","Images,Photos,Deep fakes,Fact checking",
Tracking disinformation? These AI tools can help.,IJnet,https://ijnet.org/en/story/tracking-disinformation-these-ai-tools-can-help,Fact-checking,Global,"July 26, 2023","Fact checking,Fake news",
"Reuters launches AI-powered discoverability features for video library on Reuters Connect, accelerating discovery, editing and publishing",Reuters,https://www.reutersagency.com/en/media-center/reuters-launches-ai-powered-discoverability-features-for-video-library-on-reuters-connect-accelerating-discovery-editing-and-publishing/,News production ,Global,"July 10, 2023","Machine Learning,Automation,Archives,Personalised content,Content strategy,News coverage",
How the Journal Investigated Hidden Lead Cables Circling the U.S.,The Wall Street Journal,https://www.wsj.com/articles/lead-cables-investigation-att-methodology-1703dbb0,Investigations,USA,"July 9, 2023","Images,Image recognition,Machine Learning,Investigations",
"Decoding Bureaucracy
",The Marshall Project,https://generative-ai-newsroom.com/decoding-bureaucracy-5b0c1411171,Generative AI,USA,"July 6, 2023","GenAI,ChatGPT",
"Journalists from Argentina, Paraguay and the Philippines develop image recognition model to make artificial intelligence more inclusive","Grupo Octubre, El Surti, GMA Network",https://latamjournalismreview.org/articles/journalists-from-argentina-paraguay-and-the-philippines-develop-image-recognition-model-to-make-artificial-intelligence-more-inclusive/,Research & Innovation ,"Argentina, Paraguay and Philippines","January 23, 2023","Image recognition,Machine Learning,Facial recognition",
World Cup predictions: How many games did our AI get right?,Al Jazeera,https://www.aljazeera.com/news/2022/12/19/world-cup-predictions-did-our-ai,"Research & Innovation ,Audience Engagement",Global,"December 19, 2022","Analytics,Data science,Statistics",
What types of local news stories should be automated? The Toronto Star is figuring it out,The Toronto Star,https://www.niemanlab.org/2022/11/what-types-of-local-news-stories-should-be-automated-the-toronto-star-is-figuring-it-out/,News production ,Canada,"November 3, 2022","Automation,Local news",
Amazon Mining Watch,Pulitzer Center´s Rainforest Investigations Network and Earthrise Media,https://amazonminingwatch.org/,Investigations,Brazil,"April 12, 2022","Machine Learning,Investigations,Investigative reporting,Satellite images",
La minería ilegal montó sus bases aéreas en la selva,ArmandoInfo,https://armando.info/la-mineria-ilegal-monto-sus-bases-aereas-en-la-selva/,Investigations,Venezuela,"January 30, 2022","Satellite images,Investigations",
Computer vision to monitor Elections transparency,La Nación,https://blogs.lanacion.com.ar/projects/data/elections-data/computer-vision-to-monitor-elections-transparency/,Investigations,Argentina,"January 13, 2022","Investigations,Fact checking,Data journalism",
"Yeah, neighborhood, drugs and luxury. This is how trap music sounds on playlists and what centennials talk about",La Nación,https://blogs.lanacion.com.ar/projects/data/yeah-neighborhood-drugs-and-luxury-this-is-how-trap-music-sounds-on-playlists-and-what-centennials-talk-about/,News production ,Argentina,"December 26, 2021","Data journalism,Content curation,Topic Model,Topic Detection",
"Oriel, Making it easier for journalists to find the best images for stories",BBC,https://bbcnewslabs.co.uk/projects/oriel/,News production ,UK,"November 30, 2021","Images,Automation",
Talking sense: using machine learning to understand quotes,The Guardian,https://www.theguardian.com/info/2021/nov/25/talking-sense-using-machine-learning-to-understand-quotes,News production ,UK,"November 25, 2021","Quote extractions,Automation,Modular Journalism,Machine Learning",
How AI is Helping Out in the Newsroom,Singapore Press Holdings ,https://business-of-data.com/articles/how-ai-is-helping-out-in-the-newsroom-ashish-verma/,Research & Innovation ,Singapore,"November 22, 2021","Automation,Digitisation,Analytics",
A Framework for Conversational Apps,ABC ,https://developers.digital.abc.net.au/2021/11/03/a-framework-for-conversational-apps/,Audience Engagement,Australia,"November 3, 2021","Smart assistant,Interactive journalism,Fast Alert",
Hyperdraft: The natural language generation tool powering the ABC Emergency voice app,ABC,https://developers.digital.abc.net.au/2021/06/10/hyperdraft-the-natural-language-generation-tool-powering-the-abc-emergency-voice-app/,Synthetic Media,Australia,"June 10, 2021","Summary,Audiences,Smart assistant,Fast Alert",
"For a local newsroom, automation is necessary",Bärgslagsbladet (Bonnier News Local),https://www.unitedrobots.ai/for-newsrooms/cases/for-a-local-newsroom-automation-is-necessary,News production ,Sweden,"May 25, 2021","Local news,Automation",
I am a local journalist: what can AI do for me?,Bergens Tidende,https://www.journalism.co.uk/news/i-am-a-local-journalist-what-can-ai-do-for-me-/s2/a814870/,News production ,Norway,"April 19, 2021","Local news,Automation",
Aggregating Emergency Alerts,ABC,https://developers.digital.abc.net.au/2021/04/09/aggregating-emergency-alerts/,Synthetic Media,Australia,"April 9, 2021","News coverage,Automation,Smart assistant,Fast Alert",
How we calculated the size of the Southwest’s abandoned oil well problem,Grist and The Texas Observer,https://grist.org/energy/scale-of-texas-new-mexico-abandoned-oil-wells,Investigations,USA,"April 5, 2021","Machine Learning,Statistics,Investigations",
Automated real estate texts drive subscription sales in Norway,Bergens Tidende (Schibsted),https://www.unitedrobots.ai/for-newsrooms/cases/automated-home-sales-texts-drive-subscription-sales,News production ,Norway,"April 1, 2021","News coverage,Automation",
Predicting FT Trending Topics,Financial Times,https://medium.com/ft-product-technology/predicting-ft-trending-topics-7eda85ece727,Newsgathering,UK,"March 29, 2021","Trending Topics,Unsupervised ML,Tracking technologies",
Staying on Topic — Building an Automated Topic Model of WSJ News Coverage,The Wall Street Journal,https://medium.com/the-wall-street-journal/staying-on-topic-building-an-automated-topic-model-of-wsj-news-coverage-d4dc4369f71b,AI Strategy ,USA,"March 26, 2021","Topic Model,Tags",
Sanoma: Serving subscriptions with the help of technology,Helsingin Sanomat,https://newsinitiative.withgoogle.com/assets/static/docs/cs_gni_sanoma.pdf,Subscriptions,Finland,"March 23, 2021","Personalised content,Subscriptions,Audiences",
The Wall Street Journal uses Narrativa's AI for its news automation,The Wall Street Journal,https://www.narrativa.com/the-wall-street-journal-uses-narrativas-ai-for-its-news-automation/,News production ,USA,"January 20, 2021","Automation,Smart assistant,News coverage",
We recommend articles with a little help from our friends (Machine Learning and reader input),The New York Times ,https://open.nytimes.com/we-recommend-articles-with-a-little-help-from-our-friends-machine-learning-and-reader-input-e17e85d6cf04,Personalization,USA,"January 14, 2021","Machine Learning,Reader input,Personalised content",
COVID-19: USA’s Trib Total Media boosts AI-backed hyperlocal journalism,Trib Total Media,https://wan-ifra.org/2021/01/covid-19-usas-trib-total-media-boosts-ai-backed-hyperlocal-journalism/,News production ,USA,"January 12, 2021","Content strategy,Local news",
Nine improves its image at scale with AI project,Nine,https://www.gxpress.net/nine-improves-its-image-at-scale-with-ai-project-cms-13007,News production ,Australia,"January 11, 2021","Automation,Multimedia,Machine Learning",
Yle News Lab builds a method that makes the power of social media visible,Yle News,https://newslab.yle.fi/blog/TczBhQQosX8TzGNuQm8aI,AI Strategy ,Finland,"December 1, 2020","Collaborative,Social media,Data Visualization,Data journalism",
NZME boosts engagement with a bespoke content recommendation engine, New Zealand Media and Entertainment (NZME),https://20190322t164649-dot-gweb-news-initiative.appspot.com/assets/static/docs/NZME.pdf,Audience Engagement,New Zealand,"November 1, 2020","Content strategy,News consumption",
Announcing the launch of the Stanford Cable TV News Analyzer,Brown Institute for Media Innovation,https://brown.stanford.edu/tv-news-analyzer/,Research & Innovation ,USA,"October 24, 2020","Multimedia,Broadcast Journalism,Smart assistant",
Calculating corruption: Peru's Ojo Público creates tool to gauge contracting risks,Ojo Público,https://gijn.org/2020/10/19/calculating-corruption-perus-ojo-publico-creates-tool-to-gauge-contracting-risks/,Newsgathering,Peru,"October 19, 2020","Risk detection tool,Corruption",
"To find photos in our archive, we taught the CMS how to read",The New York Times,https://open.nytimes.com/to-find-photos-in-our-archive-we-taught-the-cms-how-to-read-f9bd5f6703d7,Research & Innovation ,USA,"October 8, 2020","Multimedia,CMS,Facial recognition,Machine Learning",
How we built a cutting-edge NLP model to generte SEO titles,Axel Springer,https://medium.com/axel-springer-tech/how-we-built-a-cutting-edge-nlp-model-to-generate-seo-titles-ac0fc80a5128,News production ,Germany,"September 7, 2020","SEO,Machine Learning,Automation",
Reuters applies AI technology to 100 years of archive video to enable faster discovery,Reuters ,https://www.reuters.com/article/rpb-lavita-video-archive/reuters-applies-ai-technology-to-100-years-of-archive-video-to-enable-faster-discovery-supported-by-google-dni-idUSKCN2591VO,Newsgathering,Global,"August 13, 2020","Archives,Google DNI,Transcripts",
"Bergens Tidende uses AI to reveal newsroom biases, diversify coverage",Bergens Tidende,https://www.inma.org/blogs/media-leaders/post.cfm/bergens-tidende-uses-ai-to-reveal-newsroom-biases-diversify-coverage,Bias & Diversity,Norway,"August 9, 2020","Bias,Diversity,News coverage",
"Me, you and the machine",BBC,https://www.bbc.co.uk/blogs/internet/entries/b2106d78-762c-403a-901a-2e34894c3ac1,AI Strategy ,UK,"July 20, 2020","COVID-19,Machine Learning,Audiences",
Graphical storytelling: Extracting and painting a fresh perspective,BBC,https://bbcnewslabs.co.uk/news/2020/gst-on-social/,Research & Innovation ,UK,"July 10, 2020","Storytelling,Content strategy,Interactive journalism",
Estimating 3D poses of athletes at live sporting events,The New York Times,https://rd.nytimes.com/projects/estimating-3d-poses-of-athletes-at-live-sporting-events,Research & Innovation ,USA,"June 16, 2020","Graphics,Sports,Multimedia,3D",
How KPCC embraced its role as LA's helpdesk – and what we've learned along the way,KPCC,https://medium.com/engagement-at-kpcc/how-kpcc-embraced-its-role-as-las-help-desk-and-what-we-ve-learned-along-the-way-10b548ea23ca,Audience Engagement,USA,"May 28, 2020","Helpdesk,Engaged journalism",
Digitizing a century of history with data,South China Morning Post ,https://medium.com/scmp-inside-the-wonton/digitizing-a-century-of-history-with-data-fd934f4394ba,Newsgathering,China,"May 27, 2020","Archives,Digitisation",
BBC launches pop-up Corona Bot service to answer questions on Covid-19 related changes,BBC,https://www.bbc.co.uk/mediacentre/latestnews/2020/corona-bot,Audience Engagement,UK,"May 27, 2020","Bot service,COVID-19",
"Bloomberg Media creates new tool to make readers, advertisers swoon",Bloomberg ,https://www.adweek.com/performance-marketing/bloomberg-media-creates-new-tool-to-make-readers-advertisers-swoon/,Subscriptions,USA,"May 4, 2020","COVID-19,Advertisers,Audiences",
"To apply Machine Learning responsibly, we use it in moderation",The New York Times,https://open.nytimes.com/to-apply-machine-learning-responsibly-we-use-it-in-moderation-d001f49e0644,Comment Moderation,USA,"April 30, 2020","Machine Learning,Responsibility",
Automating our coronavirus coverage,The Times of London,https://medium.com/digital-times/how-we-automated-our-coronavirus-coverage-ca9d6ad8ab8f,News production ,UK,"April 28, 2020","COVID-19,Automation,Data Visualization",
Swedish Radio leverages Peach recommendations for content production,Swedish Radio,https://tech.ebu.ch/news/2020/04/swedish-radio-leverages-peach-recommendations-for-content-production,News production ,Sweden,"April 27, 2020","Radio,Content strategy,Machine Learning",
How an AI system is boosting business at The Globe and Mail,The Globe and Mail ,https://wan-ifra.org/2020/04/how-an-ai-system-is-boosting-business-at-the-globe-and-mail/,AI Strategy ,Canada,"April 2, 2020","Analytics,Data science",
Analyzing bias in Natural Language models,The New York Times,https://rd.nytimes.com/projects/analyzing-bias-in-natural-language-models,Bias & Diversity,USA,"March 24, 2020","Bias,Machine Learning",
Swedish Aftonbladet uses automation to outpace competitors with its Covid-19 news coverage,Aftonbladet,https://www.journalism.co.uk/news/swedish-aftonbladet-uses-automation-to-outpace-competitors-with-its-covid-19-news-coverage/s2/a753239/,News production ,Sweden,"March 17, 2020","Automation,COVID-19,News coverage",
Facebook ads reveal what the Democratic candidates think will sway South Carolina voters,Quartz,https://qz.com/1809782/facebook-ads-reveal-each-candidates-top-issue-in-south-carolina/,Investigations,USA,"February 28, 2020","Facebook ads,US elections",
How AI can help predict subscription cancellation and keep readers engaged,Deep BI,https://www.journalism.co.uk/news/how-ai-can-help-predict-subscription-cancellation-and-help-you-keep-your-readers-engaged/s2/a752220/,Subscriptions,UK,"February 25, 2020","Subscriptions,Audiences,Paywall",
The new tool helping Asian newsrooms detect fake images,Storyful,https://www.blog.google/around-the-globe/google-asia/new-tool-helping-asian-newsrooms-detect-fake-images/,Synthetic Media,Ireland,"February 25, 2020","Fact checking,Fake news",
Schibsted announces collaboration in responsible AI with KTH Royal Institute of Technology,Schibsted,https://schibsted.com/news/schibsted-announces-research-collaboration-in-responsible-ai/,Responsible AI,Nordics,"February 11, 2020","Ethics,Machine Learning,Research",
Reuters uses AI to prototype first ever automated video reports,Reuters,https://www.forbes.com/sites/simonchandler/2020/02/07/reuters-uses-ai-to-prototype-first-ever-automated-video-reports/?sh=29e9c7f87a2a,Synthetic Media,Global,"February 7, 2020","Content strategy,Automation,Machine Learning",
Axel Springer Academy to integrate Artificial Intelligence into its curriculum,Axel Springer,https://www.axelspringer.com/en/press-releases/even-more-digital-axel-springer-academy-is-the-first-school-of-journalism-to-integrate-artificial-intelligence-into-its-curriculum?utm_source=dlvr.it&utm_medium=twitter,Education & Training,Germany,"February 6, 2020","Training,Machine Learning,Data journalism",
What the AP and Newsday learned from automating coverage of 124 school districts,Associated Press,https://www.lenfestinstitute.org/news-technology-innovation/what-the-ap-and-newsday-learned-from-automating-coverage-of-124-school-districts/,News production ,USA,"February 5, 2020","Automation,News coverage",
Tool to help journalists spot doctored images is unveiled by Jigsaw,Jigsaw,https://www.nytimes.com/2020/02/04/technology/jigsaw-doctored-images-disinformation.html,Synthetic Media,USA,"February 4, 2020","Deep fakes,Fake news,Machine Learning",
Can synthetic media drive new content expeiences?,BBC,https://www.bbc.co.uk/blogs/internet/entries/b81f12d4-39b7-4624-86ab-01647d2800ec,Synthetic Media,UK,"January 29, 2020","Interactive journalism,Deep fakes,Multimedia",
"How Quartz used AI to sort through the Luanda Leaks
",Quartz,https://qz.com/1786896/ai-for-investigations-sorting-through-the-luanda-leaks,News production ,US / Angola,"January 19, 2020","Localisation,Translations,Natural Language Processing",
How we use AI to help fact check party manifestos,Full Fact,https://fullfact.org/blog/2019/dec/how-we-use-ai-help-fact-check-party-manifestos/,Fact-checking,UK,"December 6, 2019","Fact checking,Party manifestos",
"We used AI to Identify the sex of 340,000 people harmed by medical devices",ICIJ ,https://www.icij.org/investigations/implant-files/we-used-ai-to-identify-the-sex-of-340000-people-harmed-by-medical-devices/,Newsgathering,Global,"November 25, 2019","Investigative reporting,Medical devices",
Artificial Intelligence is not the future – It is happening right now,Cardiff University,https://www.journalism.co.uk/news/artificial-intelligence-is-not-the-future-it-is-happening-right-now/s2/a747107/,Education & Training,UK,"November 11, 2019","Data journalism,Machine Learning,Training",
How The Wall Street Journal is using Deep Learning to inform content strategy,The Wall Street Journal,https://medium.com/the-wall-street-journal/how-the-wall-street-journal-is-using-deep-learning-to-inform-content-strategy-4b4a07090110,AI Strategy ,USA,"October 11, 2019","Content strategy,Machine Learning",
Scaling responsible Machine Learning at the BBC,BBC,https://www.bbc.co.uk/blogs/internet/entries/4a31d36d-fd0c-4401-b464-d249376aafd1,Responsible AI,UK,"October 4, 2019","Machine Learning,Responsibility,Personalised content",
AI & auto-colourisation – Black & White to colour with Machine Learning,BBC,https://www.bbc.co.uk/rd/blog/2019-09-artificial-intelligence-colourisation-video,Research & Innovation ,UK,"September 24, 2019","Machine Learning,Multimedia,Colourisation,Archives",
How The Times of London increased digital subscribers 19% in a year,The Times of London,https://digiday.com/media/how-the-times-of-londons-year-long-content-review-fuelled-its-drive-to-300000-subscribers/,Subscriptions,UK,"August 15, 2019","Subscriptions,Content strategy",
How The Wall Street Journal is building an incubator into its newsroom,The Wall Street Journal,https://www.niemanlab.org/2019/08/how-the-wall-street-journal-is-building-an-incubator-into-its-newsroom-with-new-departments-and-plenty-of-hires/,AI Strategy ,USA,"August 12, 2019","Newsroom organization,Audiences",
How Piano built a propensity paywall for publishers — and what it’s learned so far,Piano,https://www.niemanlab.org/2019/08/how-piano-built-a-propensity-paywall-for-publishers-and-what-its-learned-so-far/,Subscriptions,USA,"August 6, 2019","Paywall,Personalised content",
Here's how The Washington Post's new computational journalism lab will tackle 2020,The Washington Post,https://www.niemanlab.org/2019/07/how-to-cover-11250-elections-at-once-heres-how-the-washington-posts-new-computational-journalism-lab-will-tackle-2020/,Research & Innovation ,USA,"July 25, 2019","Smart assistant,US elections,Machine Learning",
How Quartz used AI to help reporters search the Mauritius Leaks,Quartz,https://qz.com/1670632/how-quartz-used-ai-to-help-reporters-search-the-mauritius-leaks/,Newsgathering,USA,"July 23, 2019","Leaks,Whistleblowing,Investigative reporting",
Spotting fact-checkable tweets,Quartz,https://qz.ai/spotting-fact-checkable-tweets/,Fact-checking,USA,"July 22, 2019","Fact checking,Twitter,Fake news,Social media",
IBM's Wimbledon-watching AI is poised to revolutionize sports broadcasts,IBM,https://www.digitaltrends.com/cool-tech/ibm-wimbledon-watching-artificial-intelligence-revolutionize-sports/,News production ,USA,"July 18, 2019","Sports,Broadcast Journalism,Smart assistant",
Journalism and AI team up to measure missing stories,El Universal,https://www.blog.google/outreach-initiatives/google-news-initiative/journalism-and-ai-team-measure-missing-stories/,Newsgathering,Mexico,"June 12, 2019","Mexico,Machine Learning",
"The New York Times has a course to teach its reporters data skills, now open-source",The New York Times,https://www.niemanlab.org/2019/06/the-new-york-times-has-a-course-to-teach-its-reporters-data-skills-and-now-theyve-open-sourced-it/,Education & Training,USA,"June 12, 2019","Training,Data journalism,Open source ",
Rise of the robots: Coming to a first-year intro to journalism class near you,Lehigh University,https://phys.org/news/2019-07-robots-first-year-intro-journalism-class.html,Education & Training,USA,"June 1, 2019","Smart assistant,Training,Machine Learning",
Times titles halve digital subscriber churn with tailored emails from AI named 'James',The Times of London,https://www.pressgazette.co.uk/times-titles-halve-digital-subscriber-churn-with-tailored-emails-from-ai-named-james/,Subscriptions,UK,"May 27, 2019","Subscriptions,Personalised content,Emails",
Full Fact secures $2 million Google AI grant to fight misinformation,Full Fact,https://www.journalism.co.uk/news/fact-checkers-full-fact-win-2-million-google-ai-grant/s2/a739073/,Fact-checking,UK,"May 20, 2019","Fact checking,Fake news",
AI learns to write headlines (but not this one),Axios,https://www.axios.com/ai-learns-write-headlines-e578a9ba-1e29-4b15-a809-22437e9691ea.html,News production ,USA,"May 16, 2019","Content strategy,Smart assistant,Formatting",
"Facial recognition, subtitling automation and datasets: How Sky News uses AI to unburden journalists",Sky News,https://www.journalism.co.uk/news/sky-news-embraces-ai-tools/s2/a738749/,AI Strategy ,UK,"May 14, 2019","Facial recognition,Machine Learning",
We built an 'unbelievable' (but legal) facial recognition machine,The New York Times,https://www.nytimes.com/interactive/2019/04/16/opinion/facial-recognition-new-york-city.html?,Research & Innovation ,USA,"April 16, 2019","Facial recognition,Congress",
Spotting circling helicopters,Quartz,https://qz.ai/spotting-circling-helicopters/,Education & Training,USA,"April 5, 2019","Tracking technologies,Planespotting,Flight data",
US community journalists can learn about algorithms thanks to $100k AI ethics grant,Newmark J-School at CUNY,https://www.journalism.co.uk/news/us-community-journalists-will-learn-all-about-algorithms-thanks-to-100k-ai-ethics-grant/s2/a736789/,Education & Training,USA,"April 3, 2019","Ethics,Training,Machine Learning",
Dissecting a Machine Learning powered investigation,Artificial Informer,https://artificialinformer.com/issue-one/dissecting-a-machine-learning-powered-investigation.html,Investigations,USA,"April 1, 2019","Machine Learning,Investigative reporting",
What happens when bots become editors?,United Robots,https://www.journalism.co.uk/news/nordic-news-organisations-shows-that-robot-journalism-can-make-personalisation-pay/s2/a736534/,News production ,Sweden,"March 28, 2019","Smart assistant,Automation,News coverage",
Identifying biases in the news,Schibsted ,https://schibsted.com/2020/03/24/reaching-diversity-in-the-news/,Bias & Diversity,Nordics,"March 24, 2019","Bias,Inclusion",
Stories by numbers: How BBC News is experimenting with semi-automated journalism,BBC,https://medium.com/bbc-news-labs/stories-by-numbers-how-bbc-news-is-experimenting-with-automated-journalism-3d8595a88852,News production ,UK,"March 22, 2019","Automation,Local news,Smart assistant",
How El País used AI to make their comments section less toxic,El País,https://www.blog.google/outreach-initiatives/google-news-initiative/how-el-pais-used-ai-make-their-comments-section-less-toxic/,Comment Moderation,Spain,"March 21, 2019","Comments,Spam,Machine Learning",
We cracked the Panama Papers with 400 human brains. Can AI help us next time?,ICIJ ,https://medium.com/jsk-class-of-2019/we-cracked-the-panama-papers-with-400-human-brains-can-ai-help-us-next-time-1f97164742a0,Newsgathering,Global,"March 19, 2019","Panama papers,Investigative reporting,Machine Learning",
Making a 'deepfake': How creating our own synthetic video helped us learn  to spot one,Reuters ,https://www.pressgazette.co.uk/making-a-deepfake-how-creating-our-own-synthetic-video-helped-us-learn-to-spot-one/,Synthetic Media,Global,"March 11, 2019","Deep fakes,Fake news,Fact checking",
GE CEO letters decoded: Shrinking ambitions and disappearing buzzwords,The Wall Street Journal,https://www.wsj.com/articles/ge-ceo-letters-decoded-shrinking-ambitions-and-disappearing-buzzwords-11551441600,Investigations,USA,"March 1, 2019","Decoding,CEO Letters,Buzzwords",
Why I created a robot to write news stories,The Guardian,https://www.theguardian.com/commentisfree/2019/feb/01/why-i-created-a-robot-to-write-news-stories,News production ,UK,"February 1, 2019","Smart assistant,Automation,News coverage",
Quartz AI Studio launches an open-source platform to help journalists use Machine Learning,Quartz,https://www.journalism.co.uk/news/quartz-ai-studio-launches-an-open-source-platform-to-help-journalists-use-machine-learning/s2/a732936/,Education & Training,USA,"January 8, 2019","Open source ,Machine Learning,Collaborative",
Forbes is building more AI tools for its reporters,Forbes,https://digiday.com/media/forbes-built-a-robot-to-pre-write-articles-for-its-contributors/,AI Strategy ,USA,"January 3, 2019","Automation,Machine Learning",
China releases first short video AI production platform,Xinhua News Agency,http://www.xinhuanet.com/english/2018-12/28/c_137704391.htm,Synthetic Media,China,"December 28, 2018","Multimedia,Smart assistant,Automation",
A look at Toutiao: China’s Artificial Intelligence powered news platform,Toutiao,https://medium.com/@chewweichun/a-look-at-toutiao-chinas-artificial-intelligence-powered-news-platform-4eef3c23b79a,AI Strategy ,China,"December 1, 2018","App,Content curation",
We’ve got bad news!,Texty,https://texty.org.ua/d/2018/mnews/eng/,Investigations,Ukraine,"November 28, 2018","Junk websites,Algorithms,Investigative reporting",
How The Wall Street Journal is preparing its journalists to detect deepfakes,The Wall Street Journal,https://www.niemanlab.org/2018/11/how-the-wall-street-journal-is-preparing-its-journalists-to-detect-deepfakes/,Synthetic Media,USA,"November 15, 2018","Deep fakes,Fact checking,Fake news",
Financial Times tool warns if articles quote too many men,Financial Times,https://www.theguardian.com/media/2018/nov/14/financial-times-tool-warns-if-articles-quote-too-many-men,Bias & Diversity,UK,"November 14, 2018","Diversity,Inclusion",
"RADAR has written 50,000 individual local news stories in three months with AI technology",Press Association,https://www.newsrewired.com/2018/11/07/press-associations-news-service-radar-has-written-50000-individual-local-news-stories-in-three-months-with-ai-technology/,News production ,UK,"November 7, 2018","Automation,Smart assistant,Content strategy",
How does this article make you feel?,The New York Times,https://open.nytimes.com/how-does-this-article-make-you-feel-4684e5e9c47,Research & Innovation ,USA,"October 31, 2018","Emotions,Data science,Machine Learning",
How Reuters uses robots to analyse data and humans to tell the stories,Reuters ,https://www.journalism.co.uk/news/how-reuters-uses-robots-to-analyse-data-and-humans-to-tell-the-stories/s2/a730305/,AI Strategy ,Global,"October 12, 2018","Automation,Machine Learning,Smart assistant",
Yle's smart news assistant Voitto ensures that you don't miss the news you want to read,Yle ,https://newslab.yle.fi/blog/16T3d1e7YcuwguOk8gsq8s,Audience Engagement,Finland,"October 10, 2018","Smart assistant,Personalised content",
"Bloomberg Media's Innovation Lab launches ""The Bulletin"" – an AI-powered news feed",Bloomberg,https://www.bloombergmedia.com/press/bloomberg-medias-innovation-lab-launches-bulletin/,Research & Innovation ,USA,"September 18, 2018","Mobile,News consumption,Summary,Smart assistant",
Getty Images launches a new AI tool that helps pusblishers find the right picture for the story,Getty Images,https://www.journalism.co.uk/news/getty-images-launches-a-new-ai-tool-that-helps-publishers-find-the-right-picture-for-the-story/s2/a725797/,Research & Innovation ,UK,"August 6, 2018","Multimedia,Smart assistant,Machine Learning",
How Swiss news publisher NZZ built a flexible paywall using machine learning,Neue Zürcher Zeitung,https://digiday.com/media/swiss-news-publisher-nzz-built-flexible-paywall-using-machine-learning/,Subscriptions,Switzerland,"July 19, 2018","Paywall,Machine Learning,A/B testing",
Entering the next century with a new Forbes experience,Forbes,https://www.forbes.com/sites/forbesproductgroup/2018/07/11/entering-the-next-century-with-a-new-forbes-experience/?sh=27fe580e3bf4,Research & Innovation ,USA,"July 11, 2018","CMS,Audiences",
How The New York Times uses software to recognize Members of Congress,The New York Times,https://open.nytimes.com/how-the-new-york-times-uses-software-to-recognize-members-of-congress-29b46dd426c7,Research & Innovation ,USA,"June 6, 2018","Facial recognition,Privacy,Surveillance",
This media startup Is beating the competition with a newsroom run by robots,JX Press,https://www.bloomberg.com/news/articles/2018-05-27/the-airline-geek-trying-to-build-a-media-giant-with-no-reporters,News production ,Japan,"May 27, 2018","Automation,News coverage,Fast Alert",
Concrete and coral. Tracking expansion in the South China Sea,Reuters,http://fingfx.thomsonreuters.com/gfx/rngs/CHINA-SOUTHCHINASEA-BUILDING/010070760H9/index.html,Investigations,Global,"May 24, 2018","Tracking technologies,Data journalism,China",
Using AI to host better conversations,The New York Times,https://www.blog.google/technology/ai/new-york-times-using-ai-host-better-conversations/,Comment Moderation,USA,"May 23, 2018","Comments,Machine Learning",
Reuters' new automation tool wants to help reporters spot the hidden stories in their data,Reuters,https://www.niemanlab.org/2018/03/reuters-new-automation-tool-wants-to-help-reporters-spot-the-hidden-stories-in-their-data-but-wont-take-their-jobs/,Newsgathering,Global,"May 12, 2018","Automation,Data journalism",
Leprosy of the land,Texty,https://texty.org.ua/d/2018/amber_eng/,Investigations,Ukraine,"March 14, 2018","Machine Learning,Investigative reporting,Satellite images",
Reuters is taking a big gamble on AI-supported journalism,Reuters,https://www.wired.co.uk/article/reuters-artificial-intelligence-journalism-newsroom-ai-lynx-insight,AI Strategy ,Global,"March 10, 2018","Automation,Analytics",
"After years of testing, The Wall Street Journal has built a paywall that bends to the individual reader",The Wall Street Journal,https://www.niemanlab.org/2018/02/after-years-of-testing-the-wall-street-journal-has-built-a-paywall-that-bends-to-the-individual-reader/,Subscriptions,USA,"February 22, 2018","Paywall,Audiences",
Not all news site visitors are created equal. Schibsted is trying to predict the ones who will pay up,Schibsted,https://www.niemanlab.org/2018/02/not-all-news-site-visitors-are-created-equal-schibsted-is-trying-to-predict-the-ones-who-will-pay-up/,Subscriptions,Nordics,"February 12, 2018","Subscriptions,Audiences",
"In Argentina, fact-checkers' latest hire is a bot",Chequeado,https://www.poynter.org/fact-checking/2018/in-argentina-fact-checkers%C2%92-latest-hire-is-a-bot/,Fact-checking,Argentina,"January 11, 2018","Fact checking,Smart assistant,Fake news",
China's news agency is reinventing itself with AI,Xinhua News Agency,https://www.niemanlab.org/2018/01/chinas-news-agency-is-reinventing-itself-with-ai/,AI Strategy ,China,"January 10, 2018","Machine Learning,China,Newsroom organization",
"With “My WSJ,” The Wall Street Journal makes a personalized content feed central to its app",The Wall Street Journal,https://www.niemanlab.org/2017/12/with-my-wsj-the-wall-street-journal-makes-a-personalized-content-feed-central-to-its-app/,Personalization,USA,"December 11, 2017","My WSJ,Personalised content,App",
BBC will use machine learning to cater to what audiences want to watch,BBC,https://www.theverge.com/2017/10/19/16503658/bbc-data-analytics-machine-learning-curation-tv,Personalization,UK,"October 19, 2017","Machine Learning,Audiences,Data science",
The Washington Post's robot reporter has published 850 articles in the past year,The Washington Post,https://digiday.com/media/washington-posts-robot-reporter-published-500-articles-last-year/,News production ,USA,"September 14, 2017","Smart assistant,Automation,Content strategy",
We trained a computer to search for hidden spy planes. This is what it found,BuzzFeed News,https://www.buzzfeednews.com/article/peteraldhous/hidden-spy-planes,Newsgathering,USA,"August 8, 2017","Spy planes,Machine Learning,Flightradar24",
Mapping 10 years of French broadcast news: INA’s use of AI to make media coverage visible,INA,https://www.journalismai.info/blog/mapping-10-years-of-french-broadcast-news-how-ina-uses-ai-to-make-media-coverage-visible,Research & Innovation ,France,,,